n,true_p,false_p,n_nodes,h,seed,method,shd,recall,precision,fdr,fpr
300,0.4,0.2,20,2,3407,with_constraint_adj,40,0.825,0.5,0.5,0.22
300,0.4,0.2,20,2,3407,with_constraint_tc,23,0.75,0.6818,0.3182,0.0933
300,0.4,0.2,20,2,3407,no_constraint,22,0.725,0.7073,0.2927,0.08
300,0.4,0.2,20,2,7331,with_constraint_adj,34,0.8286,0.5,0.5,0.1871
300,0.4,0.2,20,2,7331,with_constraint_tc,29,0.6857,0.5581,0.4419,0.1226
300,0.4,0.2,20,2,7331,no_constraint,24,0.6857,0.6154,0.3846,0.0968
300,0.4,0.2,20,2,104729,with_constraint_adj,34,0.871,0.4737,0.5263,0.1887
300,0.4,0.2,20,2,104729,with_constraint_tc,28,0.7097,0.5238,0.4762,0.1258
300,0.4,0.2,20,2,104729,no_constraint,27,0.7097,0.5366,0.4634,0.1195
300,0.4,0.2,20,2,8675309,with_constraint_adj,65,0.8718,0.3579,0.6421,0.404
300,0.4,0.2,20,2,8675309,with_constraint_tc,24,0.7692,0.6667,0.3333,0.0993
300,0.4,0.2,20,2,8675309,no_constraint,35,0.7692,0.5357,0.4643,0.1722
300,0.4,0.0,20,2,3407,with_constraint_adj,44,0.825,0.4714,0.5286,0.2467
300,0.4,0.0,20,2,3407,with_constraint_tc,26,0.725,0.6304,0.3696,0.1133
300,0.4,0.0,20,2,3407,no_constraint,27,0.7,0.6087,0.3913,0.12
300,0.4,0.0,20,2,7331,with_constraint_adj,33,0.8,0.5091,0.4909,0.1742
300,0.4,0.0,20,2,7331,with_constraint_tc,21,0.7429,0.65,0.35,0.0903
300,0.4,0.0,20,2,7331,no_constraint,28,0.7143,0.5556,0.4444,0.129
300,0.4,0.0,20,2,104729,with_constraint_adj,33,0.871,0.4821,0.5179,0.1824
300,0.4,0.0,20,2,104729,with_constraint_tc,28,0.7097,0.5238,0.4762,0.1258
300,0.4,0.0,20,2,104729,no_constraint,27,0.7097,0.5366,0.4634,0.1195
300,0.4,0.0,20,2,8675309,with_constraint_adj,57,0.8974,0.3933,0.6067,0.3576
300,0.4,0.0,20,2,8675309,with_constraint_tc,28,0.7436,0.6042,0.3958,0.1258
300,0.4,0.0,20,2,8675309,no_constraint,34,0.7692,0.5455,0.4545,0.1656
300,0.6,0.2,20,2,3407,with_constraint_adj,47,0.875,0.4487,0.5513,0.2867
300,0.6,0.2,20,2,3407,with_constraint_tc,30,0.75,0.5769,0.4231,0.1467
300,0.6,0.2,20,2,3407,no_constraint,28,0.7,0.5957,0.4043,0.1267
300,0.6,0.2,20,2,7331,with_constraint_adj,47,0.8857,0.4133,0.5867,0.2839
300,0.6,0.2,20,2,7331,with_constraint_tc,26,0.7714,0.587,0.413,0.1226
300,0.6,0.2,20,2,7331,no_constraint,28,0.7429,0.5532,0.4468,0.1355
300,0.6,0.2,20,2,104729,with_constraint_adj,44,0.9355,0.4085,0.5915,0.2642
300,0.6,0.2,20,2,104729,with_constraint_tc,25,0.7097,0.55,0.45,0.1132
300,0.6,0.2,20,2,104729,no_constraint,27,0.7097,0.5366,0.4634,0.1195
300,0.6,0.2,20,2,8675309,with_constraint_adj,79,0.9231,0.3214,0.6786,0.5033
300,0.6,0.2,20,2,8675309,with_constraint_tc,23,0.6923,0.6923,0.3077,0.0795
300,0.6,0.2,20,2,8675309,no_constraint,35,0.7436,0.537,0.463,0.1656
300,0.6,0.0,20,2,3407,with_constraint_adj,45,0.875,0.4605,0.5395,0.2733
300,0.6,0.0,20,2,3407,with_constraint_tc,21,0.725,0.725,0.275,0.0733
300,0.6,0.0,20,2,3407,no_constraint,26,0.725,0.6444,0.3556,0.1067
300,0.6,0.0,20,2,7331,with_constraint_adj,39,0.9143,0.4706,0.5294,0.2323
300,0.6,0.0,20,2,7331,with_constraint_tc,22,0.7714,0.6429,0.3571,0.0968
300,0.6,0.0,20,2,7331,no_constraint,28,0.7429,0.5532,0.4468,0.1355
300,0.6,0.0,20,2,104729,with_constraint_adj,38,0.9355,0.4462,0.5538,0.2264
300,0.6,0.0,20,2,104729,with_constraint_tc,17,0.7097,0.7097,0.2903,0.0566
300,0.6,0.0,20,2,104729,no_constraint,27,0.7097,0.5366,0.4634,0.1195
300,0.6,0.0,20,2,8675309,with_constraint_adj,67,0.9744,0.3654,0.6346,0.4371
300,0.6,0.0,20,2,8675309,with_constraint_tc,29,0.7179,0.6087,0.3913,0.1192
300,0.6,0.0,20,2,8675309,no_constraint,34,0.7436,0.537,0.463,0.1656
300,0.4,0.2,30,2,3407,with_constraint_adj,123,0.8769,0.3276,0.6724,0.3162
300,0.4,0.2,30,2,3407,with_constraint_tc,70,0.7231,0.47,0.53,0.1432
300,0.4,0.2,30,2,3407,no_constraint,68,0.7538,0.4804,0.5196,0.1432
300,0.4,0.2,30,2,7331,with_constraint_adj,109,0.9516,0.3576,0.6424,0.2842
300,0.4,0.2,30,2,7331,with_constraint_tc,68,0.7419,0.4694,0.5306,0.1394
300,0.4,0.2,30,2,7331,no_constraint,92,0.871,0.3913,0.6087,0.2252
300,0.4,0.2,30,2,104729,with_constraint_adj,91,0.8182,0.3543,0.6457,0.2158
300,0.4,0.2,30,2,104729,with_constraint_tc,63,0.6909,0.4368,0.5632,0.1289
300,0.4,0.2,30,2,104729,no_constraint,74,0.7091,0.3861,0.6139,0.1632
300,0.4,0.2,30,2,8675309,with_constraint_adj,149,0.8254,0.2708,0.7292,0.3763
300,0.4,0.2,30,2,8675309,with_constraint_tc,55,0.5873,0.5441,0.4559,0.0833
300,0.4,0.2,30,2,8675309,no_constraint,77,0.7302,0.4259,0.5741,0.1667
300,0.4,0.0,30,2,3407,with_constraint_adj,104,0.8769,0.3677,0.6323,0.2649
300,0.4,0.0,30,2,3407,with_constraint_tc,71,0.7385,0.466,0.534,0.1486
300,0.4,0.0,30,2,3407,no_constraint,82,0.7385,0.4174,0.5826,0.1811
300,0.4,0.0,30,2,7331,with_constraint_adj,111,0.8871,0.3459,0.6541,0.2788
300,0.4,0.0,30,2,7331,with_constraint_tc,70,0.8065,0.4587,0.5413,0.1582
300,0.4,0.0,30,2,7331,no_constraint,86,0.8226,0.4016,0.5984,0.2038
300,0.4,0.0,30,2,104729,with_constraint_adj,82,0.8182,0.3846,0.6154,0.1895
300,0.4,0.0,30,2,104729,with_constraint_tc,63,0.6545,0.439,0.561,0.1211
300,0.4,0.0,30,2,104729,no_constraint,80,0.7091,0.3611,0.6389,0.1816
300,0.4,0.0,30,2,8675309,with_constraint_adj,130,0.8254,0.3006,0.6994,0.3253
300,0.4,0.0,30,2,8675309,with_constraint_tc,69,0.6508,0.4505,0.5495,0.1344
300,0.4,0.0,30,2,8675309,no_constraint,72,0.7302,0.4466,0.5534,0.1532
300,0.6,0.2,30,2,3407,with_constraint_adj,133,0.8462,0.3073,0.6927,0.3351
300,0.6,0.2,30,2,3407,with_constraint_tc,75,0.7538,0.4455,0.5545,0.1649
300,0.6,0.2,30,2,3407,no_constraint,76,0.7692,0.4425,0.5575,0.1703
300,0.6,0.2,30,2,7331,with_constraint_adj,126,0.9677,0.3261,0.6739,0.3324
300,0.6,0.2,30,2,7331,with_constraint_tc,64,0.6613,0.4881,0.5119,0.1153
300,0.6,0.2,30,2,7331,no_constraint,70,0.8065,0.4545,0.5455,0.1609
300,0.6,0.2,30,2,104729,with_constraint_adj,104,0.8909,0.3333,0.6667,0.2579
300,0.6,0.2,30,2,104729,with_constraint_tc,61,0.7091,0.4535,0.5465,0.1237
300,0.6,0.2,30,2,104729,no_constraint,81,0.6909,0.3585,0.6415,0.1789
300,0.6,0.2,30,2,8675309,with_constraint_adj,173,0.8254,0.2396,0.7604,0.4435
300,0.6,0.2,30,2,8675309,with_constraint_tc,60,0.5873,0.5068,0.4932,0.0968
300,0.6,0.2,30,2,8675309,no_constraint,71,0.746,0.4519,0.5481,0.1532
300,0.6,0.0,30,2,3407,with_constraint_adj,121,0.8769,0.3333,0.6667,0.3081
300,0.6,0.0,30,2,3407,with_constraint_tc,70,0.7385,0.4706,0.5294,0.1459
300,0.6,0.0,30,2,3407,no_constraint,76,0.7692,0.4464,0.5536,0.1676
300,0.6,0.0,30,2,7331,with_constraint_adj,128,0.9194,0.3167,0.6833,0.3298
300,0.6,0.0,30,2,7331,with_constraint_tc,99,0.8226,0.3643,0.6357,0.2386
300,0.6,0.0,30,2,7331,no_constraint,84,0.8226,0.4113,0.5887,0.1957
300,0.6,0.0,30,2,104729,with_constraint_adj,88,0.9091,0.3731,0.6269,0.2211
300,0.6,0.0,30,2,104729,with_constraint_tc,66,0.6727,0.4205,0.5795,0.1342
300,0.6,0.0,30,2,104729,no_constraint,77,0.7091,0.3714,0.6286,0.1737
300,0.6,0.0,30,2,8675309,with_constraint_adj,152,0.8571,0.2727,0.7273,0.3871
300,0.6,0.0,30,2,8675309,with_constraint_tc,55,0.6508,0.5467,0.4533,0.0914
300,0.6,0.0,30,2,8675309,no_constraint,82,0.7302,0.4071,0.5929,0.1801
300,0.4,0.2,40,2,3407,with_constraint_adj,177,0.9125,0.2992,0.7008,0.2443
300,0.4,0.2,40,2,3407,with_constraint_tc,86,0.6875,0.4661,0.5339,0.09
300,0.4,0.2,40,2,3407,no_constraint,116,0.775,0.378,0.622,0.1457
300,0.4,0.2,40,2,7331,with_constraint_adj,184,0.8901,0.3164,0.6836,0.254
300,0.4,0.2,40,2,7331,with_constraint_tc,112,0.6923,0.42,0.58,0.1263
300,0.4,0.2,40,2,7331,no_constraint,123,0.7582,0.3988,0.6012,0.1509
300,0.4,0.2,40,2,104729,with_constraint_adj,175,0.8919,0.2821,0.7179,0.238
300,0.4,0.2,40,2,104729,with_constraint_tc,88,0.6892,0.4322,0.5678,0.0949
300,0.4,0.2,40,2,104729,no_constraint,93,0.7432,0.4167,0.5833,0.1091
300,0.4,0.2,40,2,8675309,with_constraint_adj,246,0.8023,0.2292,0.7708,0.3343
300,0.4,0.2,40,2,8675309,with_constraint_tc,137,0.5814,0.3226,0.6774,0.1513
300,0.4,0.2,40,2,8675309,no_constraint,140,0.686,0.3315,0.6685,0.1715
300,0.4,0.0,40,2,3407,with_constraint_adj,168,0.875,0.3057,0.6943,0.2271
300,0.4,0.0,40,2,3407,with_constraint_tc,126,0.775,0.3563,0.6437,0.16
300,0.4,0.0,40,2,3407,no_constraint,140,0.7875,0.3333,0.6667,0.18
300,0.4,0.0,40,2,7331,with_constraint_adj,176,0.9121,0.3294,0.6706,0.2453
300,0.4,0.0,40,2,7331,with_constraint_tc,119,0.6923,0.3938,0.6062,0.1408
300,0.4,0.0,40,2,7331,no_constraint,98,0.7692,0.4636,0.5364,0.1176
300,0.4,0.0,40,2,104729,with_constraint_adj,143,0.8378,0.3196,0.6804,0.187
300,0.4,0.0,40,2,104729,with_constraint_tc,86,0.7568,0.4444,0.5556,0.0992
300,0.4,0.0,40,2,104729,no_constraint,95,0.7568,0.4148,0.5852,0.1119
300,0.4,0.0,40,2,8675309,with_constraint_adj,232,0.8488,0.2475,0.7525,0.3199
300,0.4,0.0,40,2,8675309,with_constraint_tc,147,0.6512,0.32,0.68,0.1715
300,0.4,0.0,40,2,8675309,no_constraint,138,0.686,0.3352,0.6648,0.1686
300,0.6,0.2,40,2,3407,with_constraint_adj,198,0.9125,0.2755,0.7245,0.2743
300,0.6,0.2,40,2,3407,with_constraint_tc,118,0.6875,0.3642,0.6358,0.1371
300,0.6,0.2,40,2,3407,no_constraint,125,0.8125,0.3652,0.6348,0.1614
300,0.6,0.2,40,2,7331,with_constraint_adj,227,0.9011,0.2733,0.7267,0.3164
300,0.6,0.2,40,2,7331,with_constraint_tc,94,0.6923,0.4846,0.5154,0.0972
300,0.6,0.2,40,2,7331,no_constraint,121,0.7143,0.3988,0.6012,0.1422
300,0.6,0.2,40,2,104729,with_constraint_adj,185,0.8784,0.2675,0.7325,0.2521
300,0.6,0.2,40,2,104729,with_constraint_tc,81,0.6486,0.4571,0.5429,0.0807
300,0.6,0.2,40,2,104729,no_constraint,91,0.7703,0.4254,0.5746,0.1091
300,0.6,0.2,40,2,8675309,with_constraint_adj,296,0.8488,0.2017,0.7983,0.4164
300,0.6,0.2,40,2,8675309,with_constraint_tc,146,0.5698,0.3006,0.6994,0.1643
300,0.6,0.2,40,2,8675309,no_constraint,156,0.7093,0.3112,0.6888,0.1945
300,0.6,0.0,40,2,3407,with_constraint_adj,178,0.9625,0.3056,0.6944,0.25
300,0.6,0.0,40,2,3407,with_constraint_tc,126,0.7625,0.3588,0.6412,0.1557
300,0.6,0.0,40,2,3407,no_constraint,135,0.7875,0.3424,0.6576,0.1729
300,0.6,0.0,40,2,7331,with_constraint_adj,215,0.9231,0.2877,0.7123,0.3019
300,0.6,0.0,40,2,7331,with_constraint_tc,109,0.6923,0.42,0.58,0.1263
300,0.6,0.0,40,2,7331,no_constraint,139,0.7253,0.3587,0.6413,0.1713
300,0.6,0.0,40,2,104729,with_constraint_adj,168,0.8649,0.287,0.713,0.2252
300,0.6,0.0,40,2,104729,with_constraint_tc,101,0.7162,0.3897,0.6103,0.1176
300,0.6,0.0,40,2,104729,no_constraint,112,0.7432,0.3618,0.6382,0.1374
300,0.6,0.0,40,2,8675309,with_constraint_adj,256,0.907,0.2378,0.7622,0.3602
300,0.6,0.0,40,2,8675309,with_constraint_tc,145,0.7093,0.3315,0.6685,0.1772
300,0.6,0.0,40,2,8675309,no_constraint,149,0.6744,0.3135,0.6865,0.183
