n,true_p,false_p,n_nodes,h,seed,lambda_param,method,shd,recall,precision,fdr,fpr,f1_score
200,0.4,0.4,15,2,3407,0.1,max_soft_regulation,28,0.9412,0.5517,0.4483,0.3662,0.6956394132225869
200,0.4,0.4,15,2,3407,0.1,dsgp,26,0.3824,0.6842,0.2632,0.0704,0.4906020626289144
200,0.4,0.4,15,2,3407,0.1,无先验,28,0.9118,0.5536,0.4464,0.3521,0.6889210863927937
200,0.4,0.4,15,2,7331,0.1,max_soft_regulation,27,0.7917,0.4524,0.5476,0.284,0.5757818181818183
200,0.4,0.4,15,2,7331,0.1,dsgp,17,0.4167,0.7143,0.2857,0.0494,0.5263462599469497
200,0.4,0.4,15,2,7331,0.1,无先验,25,0.8333,0.4878,0.5122,0.2593,0.6153716448414202
200,0.4,0.4,15,2,104729,0.1,max_soft_regulation,27,0.8333,0.5208,0.4792,0.3067,0.6409905324569825
200,0.4,0.4,15,2,104729,0.1,dsgp,22,0.4,0.7059,0.2353,0.0533,0.5106429152726286
200,0.4,0.4,15,2,104729,0.1,无先验,29,0.8333,0.5,0.5,0.3333,0.6249906247656192
200,0.4,0.2,15,2,3407,0.1,max_soft_regulation,30,0.9118,0.5345,0.4655,0.3803,0.6739363894074535
200,0.4,0.2,15,2,3407,0.1,dsgp,23,0.3824,0.8667,0.1333,0.0282,0.530663805940277
200,0.4,0.2,15,2,3407,0.1,无先验,27,0.9706,0.5593,0.4407,0.3662,0.7096628276357932
200,0.4,0.2,15,2,7331,0.1,max_soft_regulation,21,0.8333,0.5263,0.4737,0.2222,0.6451394380700206
200,0.4,0.2,15,2,7331,0.1,dsgp,16,0.375,0.75,0.0833,0.0123,0.5
200,0.4,0.2,15,2,7331,0.1,无先验,20,0.8333,0.5405,0.4595,0.2099,0.6556975542291454
200,0.4,0.2,15,2,104729,0.1,max_soft_regulation,30,0.8333,0.4902,0.5098,0.3467,0.6172779146203249
200,0.4,0.2,15,2,104729,0.1,dsgp,20,0.4,0.8,0.1333,0.0267,0.5333333333333333
200,0.4,0.2,15,2,104729,0.1,无先验,30,0.8,0.4898,0.5102,0.3333,0.6075980772212746
200,0.6,0.4,15,2,3407,0.1,max_soft_regulation,31,0.8824,0.5172,0.4828,0.3944,0.65215387253501
200,0.6,0.4,15,2,3407,0.1,dsgp,22,0.5882,0.7143,0.2857,0.1127,0.6451458886756237
200,0.6,0.4,15,2,3407,0.1,无先验,37,0.8824,0.4688,0.5312,0.4789,0.6122988750740083
200,0.6,0.4,15,2,7331,0.1,max_soft_regulation,23,0.875,0.4884,0.5116,0.2716,0.6268886607011882
200,0.6,0.4,15,2,7331,0.1,dsgp,15,0.5833,0.7368,0.2632,0.0617,0.6511255813953488
200,0.6,0.4,15,2,7331,0.1,无先验,24,0.8333,0.4762,0.5238,0.2716,0.6060595036273386
200,0.6,0.4,15,2,104729,0.1,max_soft_regulation,30,0.8667,0.4906,0.5094,0.36,0.6265424298239152
200,0.6,0.4,15,2,104729,0.1,dsgp,19,0.6,0.6923,0.2692,0.0933,0.6428538265108721
200,0.6,0.4,15,2,104729,0.1,无先验,31,0.8333,0.4808,0.5192,0.36,0.6097719199452096
200,0.6,0.2,15,2,3407,0.1,max_soft_regulation,29,0.9412,0.5333,0.4667,0.3944,0.6808300576466599
200,0.6,0.2,15,2,3407,0.1,dsgp,18,0.5882,0.8,0.16,0.0563,0.6779426595591413
200,0.6,0.2,15,2,3407,0.1,无先验,35,0.9412,0.4848,0.5152,0.4789,0.6399631977559608
200,0.6,0.2,15,2,7331,0.1,max_soft_regulation,21,0.8333,0.5,0.5,0.2469,0.6249906247656192
200,0.6,0.2,15,2,7331,0.1,dsgp,12,0.5833,0.8235,0.1176,0.0247,0.6828938726187092
200,0.6,0.2,15,2,7331,0.1,无先验,21,0.875,0.5122,0.4878,0.2469,0.6461577277970011
200,0.6,0.2,15,2,104729,0.1,max_soft_regulation,30,0.8667,0.4906,0.5094,0.36,0.6265424298239152
200,0.6,0.2,15,2,104729,0.1,dsgp,15,0.6,0.8182,0.1364,0.04,0.6923142010999859
200,0.6,0.2,15,2,104729,0.1,无先验,28,0.8,0.5106,0.4894,0.3067,0.6233480848466353
200,0.4,0.4,35,2,3407,0.1,max_soft_regulation,165,0.88,0.2933,0.7067,0.3058,0.4399624989346288
200,0.4,0.4,35,2,3407,0.1,dsgp,57,0.4,0.6977,0.3023,0.025,0.5084813701375603
200,0.4,0.4,35,2,3407,0.1,无先验,160,0.8933,0.3045,0.6955,0.2942,0.4541824177659042
200,0.4,0.4,35,2,7331,0.1,max_soft_regulation,181,0.8611,0.265,0.735,0.3289,0.4052775064381493
200,0.4,0.4,35,2,7331,0.1,dsgp,55,0.3889,0.7179,0.2821,0.021,0.5045018250813156
200,0.4,0.4,35,2,7331,0.1,无先验,185,0.8333,0.2564,0.7436,0.3327,0.3921411764705882
200,0.4,0.4,35,2,104729,0.1,max_soft_regulation,127,0.8116,0.32,0.68,0.2262,0.4590173206079887
200,0.4,0.4,35,2,104729,0.1,dsgp,56,0.4058,0.6512,0.3488,0.0285,0.5000131693472091
200,0.4,0.4,35,2,104729,0.1,无先验,136,0.7971,0.3022,0.6978,0.2414,0.438249103975257
200,0.4,0.2,35,2,3407,0.1,max_soft_regulation,162,0.88,0.2973,0.7027,0.3,0.4444474645375011
200,0.4,0.2,35,2,3407,0.1,dsgp,51,0.4267,0.8,0.2,0.0154,0.5565500937474526
200,0.4,0.2,35,2,3407,0.1,无先验,174,0.8533,0.2759,0.7241,0.3231,0.4169774530641161
200,0.4,0.2,35,2,7331,0.1,max_soft_regulation,183,0.8611,0.2616,0.7384,0.3346,0.4012893203883494
200,0.4,0.2,35,2,7331,0.1,dsgp,49,0.3889,0.8,0.1429,0.0096,0.5233745479014216
200,0.4,0.2,35,2,7331,0.1,无先验,193,0.8472,0.25,0.75,0.3499,0.3860736419978126
200,0.4,0.2,35,2,104729,0.1,max_soft_regulation,131,0.8406,0.3187,0.6813,0.2357,0.4621741050634003
200,0.4,0.2,35,2,104729,0.1,dsgp,46,0.4058,0.8235,0.1471,0.0095,0.5436855120800455
200,0.4,0.2,35,2,104729,0.1,无先验,143,0.8261,0.2953,0.7047,0.2586,0.4350763866595327
200,0.6,0.4,35,2,3407,0.1,max_soft_regulation,191,0.8933,0.2638,0.7362,0.3596,0.4073157721890934
200,0.6,0.4,35,2,3407,0.1,dsgp,51,0.6,0.6818,0.3182,0.0404,0.6382899048213448
200,0.6,0.4,35,2,3407,0.1,无先验,163,0.9067,0.2996,0.7004,0.3058,0.4503810329105529
200,0.6,0.4,35,2,7331,0.1,max_soft_regulation,173,0.9028,0.2802,0.7198,0.3193,0.4276662045646661
200,0.6,0.4,35,2,7331,0.1,dsgp,46,0.5972,0.7049,0.2787,0.0325,0.6465959296521006
200,0.6,0.4,35,2,7331,0.1,无先验,175,0.875,0.2716,0.7284,0.3231,0.4145299145299145
200,0.6,0.4,35,2,104729,0.1,max_soft_regulation,134,0.8841,0.3194,0.6806,0.2471,0.4692672039883673
200,0.6,0.4,35,2,104729,0.1,dsgp,44,0.5942,0.6833,0.2667,0.0304,0.6356428336594913
200,0.6,0.4,35,2,104729,0.1,无先验,147,0.8841,0.3005,0.6995,0.27,0.4485430525071753
200,0.6,0.2,35,2,3407,0.1,max_soft_regulation,158,0.92,0.308,0.692,0.2981,0.4614983713355049
200,0.6,0.2,35,2,3407,0.1,dsgp,44,0.6,0.7627,0.2373,0.0269,0.6716371908710648
200,0.6,0.2,35,2,3407,0.1,无先验,152,0.9333,0.3211,0.6789,0.2846,0.4778103156887755
200,0.6,0.2,35,2,7331,0.1,max_soft_regulation,186,0.9028,0.2664,0.7336,0.3423,0.4114025316455696
200,0.6,0.2,35,2,7331,0.1,dsgp,38,0.5972,0.7963,0.1667,0.0172,0.6825265303193397
200,0.6,0.2,35,2,7331,0.1,无先验,183,0.9167,0.2705,0.7295,0.3403,0.4177347540431266
200,0.6,0.2,35,2,104729,0.1,max_soft_regulation,143,0.8841,0.3065,0.6935,0.2624,0.4551934318830842
200,0.6,0.2,35,2,104729,0.1,dsgp,38,0.5942,0.8039,0.1961,0.019,0.6833236249195336
200,0.6,0.2,35,2,104729,0.1,无先验,138,0.8841,0.3128,0.6872,0.2548,0.4621045701395271
